"Zeitstempel","Age","Sex","Which is your dominant hand?","How are you feeling today?","Have you ever experienced virtual reality? ","Have you experienced motion sickness or simulator sickness when using VR devices?","Are you afraid of heights?","Does your fear interfere with your daily activities?","I feel afraid when I am...","What bodily symptoms do you experience when exposed to heights?"
"2018/03/20 5:16:59 nachm. OEZ","28","Female","I am right handed.","neutral / normal / relaxed","Yes.","No.","No, I am not.","Not at all","",""
"2018/03/20 6:42:34 nachm. OEZ","36","Male","I am right handed.","neutral / normal / relaxed","No.","No.","No, I am not.","Not at all","not related","Trembling"
"2018/03/20 7:26:21 nachm. OEZ","25","Female","I am right handed.","neutral / normal / relaxed","No.","No.","Yes, I am.","A little / moderately","standing on or climbing a ladder;standing on or walking towards a cliff;Other situations. If yes, please name below;standing on the roof of high buildings","Trembling;Inner aggitation;Light-headedness;Malaise / queasy feeling in the stomach;Fearfulness;Mental image of falling"
"2018/03/21 3:25:37 nachm. OEZ","27","Male","I am right handed.","nervous / curious","No.","Yes.","Yes, I am.","A little / moderately","standing on or walking towards a cliff","Fearfulness"
"2018/03/21 4:22:52 nachm. OEZ","27","Male","I am right handed.","neutral / normal / relaxed","Yes.","Yes.","No, I am not.","Not at all","standing on or walking on a balcony","Mental image of falling"
"2018/03/21 5:09:36 nachm. OEZ","31","Female","I am right handed.","neutral / normal / relaxed","No.","Yes.","No, I am not.","Not at all","Nein","None of the above"
"2018/03/21 5:35:42 nachm. OEZ","23","Female","I am left handed.","neutral / normal / relaxed","No.","No.","Yes, I am.","Not at all","standing on or walking towards a cliff;looking out a window","Palpitations"
"2018/03/21 5:59:45 nachm. OEZ","54","Male","I am right handed.","nervous / curious","Yes.","No.","Yes, I am.","Not at all","after certain height","Instability of stance and gait;Fearfulness"
"2018/03/21 6:06:54 nachm. OEZ","54","Female","I am right handed.","neutral / normal / relaxed","Yes.","No.","Yes, I am.","Not at all","standing on or climbing a ladder;standing on or walking towards a cliff","Instability of stance and gait"
"2018/03/21 7:04:46 nachm. OEZ","26","Male","I am left handed.","neutral / normal / relaxed","Yes.","No.","No, I am not.","Not at all","standing on or walking towards a cliff","Light-headedness;Mental image of falling"
"2018/03/21 7:13:30 nachm. OEZ","24","Male","I am right handed.","neutral / normal / relaxed","No.","No.","No, I am not.","Not at all","Nein!","None of the above"