"Zeitstempel","Sex","Did you experience fear during the experiment?","How strong would you rate your fear?","Did you experience any fear related symptoms?","Did you experience motion sickness or other symptoms related to the VR?","How would you rate the Virtual Experience?","Do you have any suggestions to improve it?"
"2018/03/20 5:47:06 nachm. OEZ","Female","No.","none","No.","No.","neutral","No."
"2018/03/20 7:01:08 nachm. OEZ","Male","Yes.","medium","No.","No.","good","After wearing glass, the experiment could be conducted in different room."
"2018/03/20 7:44:38 nachm. OEZ","Female","Yes.","medium","raise in heart beat, trembling","No.","good","No."
"2018/03/21 4:25:11 nachm. OEZ","Male","No.","none","No.","No.","neutral","No."
"2018/03/21 4:48:38 nachm. OEZ","Male","No.","none","No.","No.","very good","No."
"2018/03/21 5:28:59 nachm. OEZ","Female","No.","none","No.","No.","very good","No."
"2018/03/21 5:56:38 nachm. OEZ","Female","Yes.","low","No.","No.","very good","No."
"2018/03/21 6:23:11 nachm. OEZ","Male","No.","none","","gait instability","very good","include body model"
"2018/03/21 6:37:48 nachm. OEZ","Female","Yes.","very high","goose bumps gait instability","No.","very good","smallest bridge size was to strong of a stimulus"
"2018/03/21 7:56:11 nachm. OEZ","Male","No.","none","gait instability, sweating.","No.","very good","No."
"2018/03/21 7:57:38 nachm. OEZ","Male","No.","medium","No.","No.","good","The door does not have a partition in between! :P "